"Note: Extra time is compared against the fastest machine for 10,000 sheets."
Die,Machine 1,Machine 2,Machine 3,Machine 4,Machine 5,Machine 6
,No valid speed data,,,,,
6934,FLAT (31200) - fastest,,,,,
7414,75 (27803) - fastest,INT (24971) - +0h 2m,DIANA (14622) - +0h 19m,,,
7440,75 (45739) - fastest,,,,,
7484,75 (22410) - fastest,,,,,
7508,75 (14494) - fastest,ALPINA (11798) - +0h 9m,DIANA (10647) - +0h 15m,115D (10011) - +0h 19m,110WP (9770) - +0h 20m,
8128,75 (29091) - fastest,110WP (19314) - +0h 10m,DIANA (18130) - +0h 12m,115D (13374) - +0h 24m,,
8144,110WP (39316) - fastest,ALPINA (34554) - +0h 2m,DIANA (34436) - +0h 2m,,,
9507,75 (33055) - fastest,110WP (31673) - +0h 1m,ALPINA (27040) - +0h 4m,,,
9999,No valid speed data,,,,,
10017,75 (32487) - fastest,,,,,
10078,FLAT (26821) - fastest,,,,,
10222,110WP (25720) - fastest,,,,,
10285,75 (22713) - fastest,115D (16618) - +0h 10m,DIANA (13962) - +0h 17m,110WP (11197) - +0h 27m,,
10287,ALPINA (11251) - fastest,,,,,
10479,FLAT (15593) - fastest,,,,,
10483,FLAT (12365) - fastest,,,,,
10484,FLAT (15263) - fastest,,,,,
10927,ALPINA (6606) - fastest,,,,,
11006,75 (32775) - fastest,,,,,
11008,75 (29093) - fastest,ALPINA (25657) - +0h 3m,115D (11003) - +0h 34m,,,
11009,75 (18166) - fastest,DIANA (11854) - +0h 18m,,,,
11029,75 (25086) - fastest,,,,,
11331,75 (16042) - fastest,110WP (10455) - +0h 20m,,,,
11609,FLAT (33375) - fastest,,,,,
11610,FLAT (16918) - fastest,,,,,
12010,75 (39610) - fastest,,,,,
51038,110WP (17224) - fastest,,,,,
60098,FLAT (19407) - fastest,75 (16100) - +0h 6m,,,,
60982,ALPINA (10263) - fastest,,,,,
61064,75 (24440) - fastest,110WP (18876) - +0h 7m,,,,
61333,75 (35149) - fastest,INT (28495) - +0h 4m,DIANA (15269) - +0h 22m,110WP (13077) - +0h 29m,,
61930,110WP (11715) - fastest,DIANA (10391) - +0h 7m,ALPINA (9927) - +0h 9m,115D (9158) - +0h 14m,,
62071,110WP (15179) - fastest,115D (9585) - +0h 23m,,,,
62765,FLAT (12969) - fastest,,,,,
62854,ALPINA (7353) - fastest,110WP (4900) - +0h 41m,,,,
63236,110WP (8540) - fastest,,,,,
63575,ALPINA (6160) - fastest,,,,,
63809,75 (27855) - fastest,ALPINA (24460) - +0h 3m,115D (10331) - +0h 37m,,,
63886,75 (57137) - fastest,,,,,
64259,75 (26866) - fastest,ALPINA (22689) - +0h 4m,110WP (17572) - +0h 12m,,,
64340,75 (34883) - fastest,INT (27593) - +0h 5m,110WP (17093) - +0h 18m,115D (12255) - +0h 32m,,
64610,75 (29700) - fastest,FLAT (21358) - +0h 8m,,,,
64625,FLAT (13883) - fastest,,,,,
64873,FLAT (26297) - fastest,,,,,
65217,ALPINA (8360) - fastest,,,,,
65345,75 (44361) - fastest,DIANA (41946) - +0h 1m,,,,
65353,75 (29407) - fastest,INT (24120) - +0h 4m,,,,
65590,DIANA (4727) - fastest,,,,,
65731,FLAT (20586) - fastest,,,,,
65891,110WP (17101) - fastest,,,,,
65936,INT (46190) - fastest,110WP (42720) - +0h 1m,,,,
66024,75 (27800) - fastest,,,,,
66090,115D (15782) - fastest,DIANA (14805) - +0h 3m,ALPINA (12143) - +0h 11m,,,
66385,110WP (35919) - fastest,FLAT (31676) - +0h 2m,,,,
66495,110WP (29626) - fastest,FLAT (25050) - +0h 4m,,,,
66582,FLAT (14428) - fastest,,,,,
66729,FLAT (14707) - fastest,,,,,
67131,110WP (24320) - fastest,115D (21788) - +0h 3m,,,,
67733,FLAT (21783) - fastest,,,,,
68178,75 (38728) - fastest,INT (36705) - +0h 1m,110WP (30866) - +0h 4m,115D (17800) - +0h 18m,ALPINA (7836) - +1h 1m,
68230,INT (23392) - fastest,110WP (22933) - +0h 1m,115D (19444) - +0h 5m,,,
68231,INT (20977) - fastest,,,,,
68323,110WP (28650) - fastest,FLAT (19307) - +0h 10m,,,,
68392,110WP (7750) - fastest,,,,,
68418,FLAT (17696) - fastest,,,,,
68580,115D (3793) - fastest,,,,,
68724,FLAT (19474) - fastest,,,,,
68872,75 (31412) - fastest,110WP (22848) - +0h 7m,DIANA (17098) - +0h 16m,,,
69005,110WP (17001) - fastest,,,,,
69117,FLAT (16226) - fastest,,,,,
69122,75 (23533) - fastest,INT (17388) - +0h 9m,ALPINA (16512) - +0h 11m,,,
69380,75 (25341) - fastest,INT (18186) - +0h 9m,ALPINA (14030) - +0h 19m,,,
69400,75 (23453) - fastest,110WP (19793) - +0h 5m,INT (18293) - +0h 7m,ALPINA (16474) - +0h 11m,115D (12934) - +0h 21m,DIANA (12482) - +0h 22m
69402,75 (30053) - fastest,INT (22473) - +0h 7m,DIANA (14113) - +0h 23m,115D (9693) - +0h 42m,110WP (9201) - +0h 45m,
69620,DIANA (7286) - fastest,,,,,
69656,115D (11800) - fastest,,,,,
69769,75 (29718) - fastest,DIANA (16890) - +0h 15m,ALPINA (14594) - +0h 21m,110WP (12443) - +0h 28m,,
69862,FLAT (24021) - fastest,,,,,
69868,110WP (29746) - fastest,INT (29657) - +0h 0m,DIANA (16204) - +0h 17m,,,
69985,FLAT (45799) - fastest,,,,,
70112,75 (29561) - fastest,INT (22529) - +0h 6m,ALPINA (4701) - +1h 47m,,,
70469,75 (21822) - fastest,115D (13050) - +0h 18m,INT (12198) - +0h 22m,ALPINA (10115) - +0h 32m,DIANA (9657) - +0h 35m,
70800,115D (13775) - fastest,DIANA (11978) - +0h 7m,,,,
70845,ALPINA (28357) - fastest,,,,,
70946,INT (37144) - fastest,ALPINA (32362) - +0h 2m,110WP (32240) - +0h 2m,,,
70988,INT (52925) - fastest,110WP (29874) - +0h 9m,,,,
71215,FLAT (29023) - fastest,,,,,
71242,110WP (23921) - fastest,,,,,
71352,115D (8703) - fastest,,,,,
71353,115D (8886) - fastest,,,,,
71385,115D (6254) - fastest,,,,,
71408,INT (35113) - fastest,DIANA (21824) - +0h 10m,,,,
71534,75 (29233) - fastest,,,,,
71602,INT (51163) - fastest,,,,,
71622,FLAT (15717) - fastest,,,,,
71655,75 (29493) - fastest,,,,,
71699,INT (22317) - fastest,DIANA (20109) - +0h 3m,,,,
71731,110WP (7144) - fastest,,,,,
71811,INT (32874) - fastest,,,,,
71859,DIANA (20756) - fastest,,,,,
71873,FLAT (11795) - fastest,,,,,
71998,110WP (26357) - fastest,FLAT (23979) - +0h 2m,INT (23897) - +0h 2m,ALPINA (22556) - +0h 4m,DIANA (21358) - +0h 5m,
72059,ALPINA (28414) - fastest,,,,,
72117,75 (25073) - fastest,110WP (19384) - +0h 7m,,,,
72178,75 (46463) - fastest,110WP (34669) - +0h 4m,,,,
72198,75 (36151) - fastest,INT (28722) - +0h 4m,115D (17304) - +0h 18m,,,
72216,75 (29331) - fastest,INT (24144) - +0h 4m,ALPINA (21921) - +0h 7m,DIANA (9867) - +0h 40m,,
72217,75 (28265) - fastest,INT (23093) - +0h 5m,110WP (16455) - +0h 15m,ALPINA (15224) - +0h 18m,,
72234,75 (40821) - fastest,INT (35882) - +0h 2m,110WP (15152) - +0h 25m,,,
72235,75 (43832) - fastest,INT (33792) - +0h 4m,110WP (32947) - +0h 5m,ALPINA (26963) - +0h 9m,DIANA (17311) - +0h 21m,
72254,75 (34832) - fastest,,,,,
72357,FLAT (13118) - fastest,,,,,
72358,FLAT (18795) - fastest,,,,,
72407,INT (12546) - fastest,,,,,
72462,75 (15543) - fastest,110WP (15014) - +0h 1m,,,,
72533,FLAT (25912) - fastest,,,,,
72619,No valid speed data,,,,,
72623,ALPINA (8310) - fastest,,,,,
72688,ALPINA (12958) - fastest,DGM (10464) - +0h 11m,MONDINI4 (7188) - +0h 37m,MONDINI2 (1862) - +4h 36m,,
72727,115D (8067) - fastest,,,,,
72870,110WP (25075) - fastest,,,,,
72894,DIANA (15007) - fastest,110WP (2955) - +2h 43m,,,,
72904,75 (28380) - fastest,INT (25719) - +0h 2m,,,,
72928,ALPINA (6067) - fastest,DIANA (5908) - +0h 3m,,,,
72988,75 (25956) - fastest,,,,,
73039,75 (26290) - fastest,,,,,
73040,INT (32621) - fastest,110WP (31441) - +0h 1m,,,,
73041,DIANA (31649) - fastest,INT (27476) - +0h 3m,110WP (24828) - +0h 5m,,,
73117,75 (15833) - fastest,115D (15360) - +0h 1m,110WP (14475) - +0h 4m,,,
73147,75 (35615) - fastest,,,,,
73208,INT (46977) - fastest,110WP (40946) - +0h 2m,,,,
73210,DIANA (38396) - fastest,110WP (36978) - +0h 1m,,,,
73271,75 (25855) - fastest,INT (14714) - +0h 18m,DIANA (8608) - +0h 46m,,,
73296,110WP (12988) - fastest,,,,,
73329,INT (41702) - fastest,110WP (38517) - +0h 1m,,,,
73350,75 (42783) - fastest,115D (30626) - +0h 6m,,,,
73356,115D (12600) - fastest,ALPINA (9319) - +0h 17m,,,,
73373,75 (32561) - fastest,INT (22849) - +0h 8m,110WP (15000) - +0h 22m,115D (12281) - +0h 30m,,
73375,INT (43488) - fastest,110WP (34561) - +0h 4m,,,,
73413,115D (11192) - fastest,DIANA (9788) - +0h 8m,ALPINA (9754) - +0h 8m,,,
73469,115D (10625) - fastest,,,,,
73475,FLAT (19323) - fastest,,,,,
73539,115D (19563) - fastest,110WP (19492) - +0h 0m,DIANA (19059) - +0h 1m,ALPINA (16945) - +0h 5m,,
73595,110WP (18417) - fastest,,,,,
73652,DIANA (12411) - fastest,,,,,
73764,FLAT (20477) - fastest,,,,,
73829,75 (27839) - fastest,ALPINA (18599) - +0h 11m,DIANA (18431) - +0h 11m,115D (16892) - +0h 14m,,
73882,115D (6410) - fastest,,,,,
73888,115D (22465) - fastest,DIANA (18882) - +0h 5m,,,,
74007,ALPINA (10251) - fastest,,,,,
74129,75 (21459) - fastest,110WP (18208) - +0h 5m,,,,
74179,ALPINA (11550) - fastest,DGM (10031) - +0h 8m,INT (9309) - +0h 13m,MONDINI4 (8936) - +0h 15m,MONDINI2 (1964) - +4h 14m,
74248,110WP (12940) - fastest,,,,,
74277,75 (24892) - fastest,INT (23367) - +0h 2m,110WP (19861) - +0h 6m,DIANA (17641) - +0h 10m,,
74286,75 (39029) - fastest,DIANA (25318) - +0h 8m,,,,
74298,110WP (10833) - fastest,DIANA (9121) - +0h 10m,ALPINA (8476) - +0h 15m,,,
74312,75 (21966) - fastest,110WP (18595) - +0h 5m,,,,
74317,FLAT (22519) - fastest,,,,,
74326,FLAT (24259) - fastest,,,,,
74328,FLAT (31059) - fastest,,,,,
74359,75 (93462) - fastest,,,,,
74468,115D (4782) - fastest,ALPINA (4628) - +0h 4m,DIANA (4413) - +0h 10m,,,
74605,75 (31258) - fastest,DIANA (19249) - +0h 12m,110WP (18017) - +0h 14m,115D (14385) - +0h 23m,,
74642,75 (36785) - fastest,DIANA (24310) - +0h 8m,110WP (23336) - +0h 9m,ALPINA (14167) - +0h 26m,,
74715,110WP (24887) - fastest,,,,,
74716,110WP (20400) - fastest,ALPINA (10536) - +0h 28m,,,,
74764,75 (18818) - fastest,,,,,
74840,INT (46767) - fastest,110WP (31751) - +0h 6m,,,,
74856,ALPINA (1300) - fastest,,,,,
74865,DIANA (18809) - fastest,ALPINA (16547) - +0h 4m,,,,
74872,INT (50952) - fastest,75 (46022) - +0h 1m,,,,
74873,INT (40641) - fastest,110WP (25147) - +0h 9m,,,,
74944,INT (31075) - fastest,110WP (30886) - +0h 0m,115D (20267) - +0h 10m,ALPINA (17437) - +0h 15m,,
74945,110WP (28604) - fastest,ALPINA (28443) - +0h 0m,,,,
74946,FLAT (20482) - fastest,,,,,
75010,INT (60892) - fastest,,,,,
75049,75 (29278) - fastest,INT (18507) - +0h 12m,115D (17083) - +0h 15m,110WP (11567) - +0h 31m,ALPINA (5417) - +1h 30m,
75050,75 (51855) - fastest,INT (42406) - +0h 3m,ALPINA (33211) - +0h 6m,,,
75052,75 (38960) - fastest,ALPINA (37027) - +0h 1m,110WP (26026) - +0h 8m,,,
75092,115D (20360) - fastest,,,,,
75122,FLAT (40558) - fastest,,,,,
75126,INT (29200) - fastest,,,,,
75127,INT (45893) - fastest,110WP (39834) - +0h 2m,,,,
75138,INT (52128) - fastest,110WP (31390) - +0h 8m,ALPINA (28239) - +0h 10m,,,
75161,INT (52191) - fastest,,,,,
75162,INT (40874) - fastest,110WP (30979) - +0h 5m,,,,
75168,ALPINA (30350) - fastest,INT (28571) - +0h 1m,110WP (22984) - +0h 6m,,,
75183,110WP (39246) - fastest,75 (35436) - +0h 2m,,,,
75247,FLAT (15433) - fastest,,,,,
75255,110WP (53717) - fastest,FLAT (53346) - +0h 0m,DIANA (39064) - +0h 4m,,,
75259,110WP (19286) - fastest,FLAT (11515) - +0h 21m,,,,
75274,75 (30435) - fastest,INT (18901) - +0h 12m,ALPINA (18233) - +0h 13m,DIANA (17407) - +0h 15m,110WP (17168) - +0h 15m,
75279,110WP (24493) - fastest,ALPINA (24167) - +0h 0m,,,,
75300,75 (33329) - fastest,110WP (26226) - +0h 5m,DIANA (24491) - +0h 6m,,,
75301,DIANA (8507) - fastest,115D (7600) - +0h 8m,ALPINA (7338) - +0h 11m,,,
75310,DIANA (24895) - fastest,,,,,
75324,75 (39925) - fastest,INT (27328) - +0h 7m,115D (18115) - +0h 18m,DIANA (11942) - +0h 35m,,
75325,75 (23249) - fastest,115D (17929) - +0h 8m,,,,
75332,75 (40542) - fastest,,,,,
75351,115D (3931) - fastest,ALPINA (3743) - +0h 8m,,,,
75387,115D (5570) - fastest,,,,,
75407,75 (30509) - fastest,110WP (20444) - +0h 10m,,,,
75413,FLAT (23095) - fastest,,,,,
75435,75 (31309) - fastest,DIANA (29006) - +0h 2m,,,,
75496,115D (14492) - fastest,,,,,
75512,No valid speed data,,,,,
75523,ALPINA (12808) - fastest,110WP (3182) - +2h 22m,,,,
75535,75 (20961) - fastest,INT (12459) - +0h 20m,110WP (10833) - +0h 27m,,,
75548,110WP (4755) - fastest,,,,,
75553,DIANA (12283) - fastest,,,,,
75558,DIANA (8772) - fastest,,,,,
75627,75 (33098) - fastest,INT (29090) - +0h 2m,ALPINA (14802) - +0h 22m,,,
75631,FLAT (16066) - fastest,,,,,
75637,No valid speed data,,,,,
75655,75 (37339) - fastest,110WP (29030) - +0h 5m,,,,
75656,FLAT (19618) - fastest,,,,,
75680,ALPINA (1956) - fastest,,,,,
75685,FLAT (15584) - fastest,,,,,
75692,115D (6059) - fastest,,,,,
75694,110WP (17660) - fastest,ALPINA (16113) - +0h 3m,,,,
75738,110WP (26522) - fastest,,,,,
75770,110WP (3401) - fastest,,,,,
75775,FLAT (10560) - fastest,,,,,
75841,FLAT (7671) - fastest,,,,,
75844,FLAT (4460) - fastest,,,,,
75853,115D (8862) - fastest,,,,,
75864,115D (8143) - fastest,ALPINA (7647) - +0h 5m,,,,
75880,75 (32190) - fastest,ALPINA (25417) - +0h 5m,110WP (20314) - +0h 11m,,,
75899,FLAT (14542) - fastest,,,,,
75915,FLAT (6595) - fastest,,,,,
75921,FLAT (9331) - fastest,,,,,
75961,INT (18680) - fastest,,,,,
75962,ALPINA (9600) - fastest,DIANA (9442) - +0h 1m,,,,
75964,75 (22093) - fastest,DIANA (17650) - +0h 7m,110WP (17313) - +0h 7m,,,
75999,INT (47930) - fastest,110WP (42266) - +0h 2m,ALPINA (37419) - +0h 4m,,,
76002,110WP (21098) - fastest,,,,,
76016,75 (36803) - fastest,115D (18655) - +0h 16m,,,,
76038,110WP (35982) - fastest,,,,,
76039,110WP (32378) - fastest,ALPINA (31197) - +0h 1m,INT (30915) - +0h 1m,115D (27049) - +0h 4m,DIANA (20340) - +0h 11m,
76070,115D (14314) - fastest,DIANA (10918) - +0h 13m,ALPINA (8794) - +0h 26m,,,
76080,110WP (43788) - fastest,INT (43788) - +0h 0m,,,,
76092,ALPINA (3904) - fastest,,,,,
76120,75 (17855) - fastest,110WP (16688) - +0h 2m,115D (7137) - +0h 50m,,,
76126,75 (21533) - fastest,DIANA (10385) - +0h 30m,115D (8434) - +0h 43m,110WP (7579) - +0h 51m,ALPINA (2013) - +4h 30m,
76133,115D (9729) - fastest,110WP (7748) - +0h 16m,,,,
76144,115D (29921) - fastest,110WP (29647) - +0h 0m,,,,
76157,115D (3545) - fastest,,,,,
76158,ALPINA (5600) - fastest,,,,,
76188,115D (4665) - fastest,,,,,
76190,FLAT (8700) - fastest,,,,,
76196,INT (36035) - fastest,ALPINA (35273) - +0h 0m,,,,
76211,115D (21037) - fastest,110WP (20800) - +0h 0m,DIANA (18924) - +0h 3m,,,
76232,110WP (28844) - fastest,,,,,
76242,110WP (43744) - fastest,INT (41766) - +0h 1m,,,,
76252,75 (32560) - fastest,,,,,
76256,DIANA (7517) - fastest,,,,,
76265,75 (14655) - fastest,110WP (8560) - +0h 29m,,,,
76266,115D (10935) - fastest,,,,,
76269,75 (16919) - fastest,ALPINA (16485) - +0h 1m,,,,
76283,DIANA (15390) - fastest,,,,,
76293,FLAT (11301) - fastest,,,,,
76309,110WP (40000) - fastest,,,,,
76310,110WP (24910) - fastest,,,,,
76312,INT (39373) - fastest,110WP (36959) - +0h 1m,,,,
76313,75 (27650) - fastest,INT (24913) - +0h 2m,,,,
76321,110WP (21578) - fastest,INT (20772) - +0h 1m,,,,
76324,75 (55572) - fastest,INT (49169) - +0h 1m,110WP (32948) - +0h 7m,,,
76327,75 (21331) - fastest,INT (15526) - +0h 11m,110WP (14629) - +0h 13m,DIANA (12115) - +0h 21m,,
76341,75 (33635) - fastest,FLAT (33635) - +0h 0m,,,,
76343,110WP (45849) - fastest,75 (37027) - +0h 3m,,,,
76377,110WP (14958) - fastest,DIANA (14879) - +0h 0m,,,,
76405,INT (29153) - fastest,110WP (21838) - +0h 7m,DIANA (17845) - +0h 13m,,,
76407,75 (26181) - fastest,110WP (22496) - +0h 4m,DIANA (18828) - +0h 9m,,,
76422,INT (58000) - fastest,,,,,
76423,110WP (33524) - fastest,,,,,
76439,FLAT (4882) - fastest,,,,,
76445,110WP (27795) - fastest,DIANA (18945) - +0h 10m,,,,
76453,DIANA (13008) - fastest,110WP (12980) - +0h 0m,115D (12040) - +0h 4m,,,
76459,115D (3389) - fastest,ALPINA (3058) - +0h 19m,,,,
76463,75 (19656) - fastest,110WP (19040) - +0h 1m,DIANA (17521) - +0h 4m,,,
76469,115D (11381) - fastest,DIANA (9966) - +0h 7m,110WP (8428) - +0h 18m,ALPINA (6400) - +0h 41m,,
76475,75 (55087) - fastest,INT (45252) - +0h 2m,110WP (29749) - +0h 9m,,,
76481,INT (42162) - fastest,ALPINA (28695) - +0h 7m,,,,
76498,75 (35107) - fastest,INT (29749) - +0h 3m,ALPINA (25752) - +0h 6m,115D (19115) - +0h 14m,,
76504,ALPINA (25815) - fastest,,,,,
76524,DIANA (18031) - fastest,115D (15940) - +0h 4m,,,,
76533,FLAT (27352) - fastest,,,,,
76535,110WP (24545) - fastest,DIANA (21861) - +0h 3m,,,,
76537,75 (32601) - fastest,DIANA (18787) - +0h 14m,110WP (16809) - +0h 17m,,,
76557,75 (32823) - fastest,INT (23095) - +0h 8m,110WP (15592) - +0h 20m,DIANA (15217) - +0h 21m,115D (14644) - +0h 23m,ALPINA (13820) - +0h 25m
76560,110WP (29718) - fastest,,,,,
76566,FLAT (22620) - fastest,,,,,
76567,INT (35820) - fastest,110WP (26100) - +0h 6m,,,,
76592,110WP (33120) - fastest,INT (31118) - +0h 1m,ALPINA (23864) - +0h 7m,,,
76593,INT (47204) - fastest,,,,,
76594,110WP (23330) - fastest,DIANA (22790) - +0h 1m,,,,
76605,INT (53618) - fastest,110WP (41422) - +0h 3m,,,,
76639,115D (12773) - fastest,,,,,
76645,FLAT (16372) - fastest,,,,,
76647,110WP (23641) - fastest,DIANA (21180) - +0h 3m,,,,
76650,115D (15593) - fastest,ALPINA (14441) - +0h 3m,,,,
76651,115D (34354) - fastest,DIANA (29719) - +0h 3m,110WP (6667) - +1h 13m,,,
76679,FLAT (16874) - fastest,,,,,
76682,115D (21840) - fastest,,,,,
76692,INT (36943) - fastest,110WP (30821) - +0h 3m,DIANA (22315) - +0h 11m,,,
76693,110WP (7771) - fastest,ALPINA (7081) - +0h 8m,,,,
76700,FLAT (19602) - fastest,,,,,
76701,DIANA (13401) - fastest,INT (11457) - +0h 8m,110WP (10522) - +0h 12m,ALPINA (7734) - +0h 33m,,
76711,110WP (9333) - fastest,,,,,
76725,110WP (5460) - fastest,,,,,
76732,ALPINA (2500) - fastest,,,,,
76735,75 (22380) - fastest,110WP (17787) - +0h 7m,,,,
76751,110WP (12918) - fastest,ALPINA (12752) - +0h 1m,INT (11098) - +0h 8m,,,
76752,75 (24437) - fastest,115D (5200) - +1h 31m,,,,
76757,DIANA (19576) - fastest,,,,,
76764,110WP (22918) - fastest,ALPINA (19428) - +0h 5m,,,,
76766,110WP (10890) - fastest,,,,,
76767,INT (29850) - fastest,110WP (20027) - +0h 10m,,,,
76779,DIANA (32337) - fastest,110WP (26382) - +0h 4m,115D (22396) - +0h 8m,,,
76781,DIANA (27058) - fastest,ALPINA (24565) - +0h 2m,,,,
76782,110WP (35457) - fastest,DIANA (33169) - +0h 1m,INT (32094) - +0h 2m,115D (31003) - +0h 2m,ALPINA (20189) - +0h 13m,
76785,DIANA (20916) - fastest,ALPINA (18275) - +0h 4m,,,,
76788,75 (32185) - fastest,110WP (17500) - +0h 16m,DIANA (16679) - +0h 17m,,,
76799,110WP (15127) - fastest,ALPINA (14029) - +0h 3m,,,,
76805,DIANA (14913) - fastest,,,,,
76826,INT (59767) - fastest,,,,,
76828,INT (52732) - fastest,,,,,
76833,DIANA (18873) - fastest,,,,,
76839,DIANA (14878) - fastest,,,,,
76840,115D (14066) - fastest,,,,,
76847,ALPINA (1081) - fastest,,,,,
76851,DIANA (18622) - fastest,110WP (18029) - +0h 1m,ALPINA (16317) - +0h 5m,,,
76855,DIANA (15860) - fastest,,,,,
76856,DIANA (19461) - fastest,115D (17201) - +0h 4m,,,,
76858,DIANA (18549) - fastest,,,,,
76865,INT (32803) - fastest,110WP (30731) - +0h 1m,DGM (14545) - +0h 23m,,,
76879,No valid speed data,,,,,
Start Ê Prev Ê 1 Ê 2 Ê Next Ê End,No valid speed data,,,,,
